<?xml version="1.0" encoding="UTF-8"?>
<tns:soapui-actions xmlns:tns="http://eviware.com/soapui/config">
	<tns:action id="GenerateDataDrivenTestSuite" actionClass="de.dbsystel.custom.actions.GenerateDataDrivenTestSuiteAction"/>
		<tns:actionGroup id="WsdlInterfaceActions">
		<tns:actionMapping actionId="GenerateDataDrivenTestSuite"/>
		</tns:actionGroup>
	<tns:actionGroup name="DataSourceLoop TestStep Actions"
		id="DataSourceLoopTestStepActions"
		class="com.eviware.soapui.impl.wsdl.actions.teststep.WsdlTestStepSoapUIActionGroup">
		<tns:actionMapping actionId="SeperatorAction" />
		<tns:actionMapping actionId="ShowOnlineSoapUIHelp"
			keyStroke="F1" param="http://blog.smartbear.com" />
	</tns:actionGroup>
	<tns:actionGroup name="DataSource TestStep Actions"
		id="DataSourceTestStepActions"
		class="com.eviware.soapui.impl.wsdl.actions.teststep.WsdlTestStepSoapUIActionGroup">
		<tns:actionMapping actionId="SeperatorAction" />
		<tns:actionMapping actionId="ShowOnlineSoapUIHelp"
			keyStroke="F1" param="http://blog.smartbear.com" />
	</tns:actionGroup>
	<tns:actionGroup name="Equals TestStep Actions"
		id="EqualsTestStepActions"
		class="com.eviware.soapui.impl.wsdl.actions.teststep.WsdlTestStepSoapUIActionGroup">
		<tns:actionMapping actionId="SeperatorAction" />
		<tns:actionMapping actionId="ShowOnlineSoapUIHelp"
			keyStroke="F1" param="http://blog.smartbear.com" />
	</tns:actionGroup>
	<tns:action id="GenerateExcelFile" actionClass="de.dbsystel.custom.actions.ExportInputParametersAction"/>
		<tns:actionGroup id="WsdlTestRequestStepActions">
		<tns:actionMapping actionId="GenerateExcelFile"/>
		</tns:actionGroup>
</tns:soapui-actions>

