{
  "capabilities": [
    {
      "browserName": "chrome",
      "version": "5.0.2",
      "maxInstances": 1,
      "platform": "ANDROID",
      "deviceName": "ZX1D6489SC"
    }
  ],
  "configuration": {
    "nodeTimeout": "120",
    "port": "4725",
    "hubPort": "4444",
    "proxy": "org.openqa.grid.selenium.proxy.DefaultRemoteProxy",
    "url": "http://192.168.20.40:4725/wd/hub",
    "hub": "http://192.168.20.40:4444/grid/register",
    "hubHost": "192.168.20.40",
    "nodePolling": "2000",
    "registerCycle": "10000",
    "register": true,
    "cleanUpCycle": "2000",
    "timeout": "30000",
    "maxSession": "1"
  }
}